[{"testId":"r3","title":["Test","Should fetch data on fetch button click "],"state":"passed","body":"() => {\n      cy.visit(url);\n      cy.wait(1000);\n      cy.get(\"#fetch-employees\").click();\n      cy.wait(1000);\n      cy.get(\"#main-section\").contains('Abram Langtry');\n      cy.then(() => {\n        acc_score += 2;\n      });\n    }","displayError":null,"attempts":[{"state":"passed","error":null,"timings":{"lifecycle":6,"before each":[{"hookId":"h1","fnDuration":0,"afterFnDuration":1},{"hookId":"h3","fnDuration":0,"afterFnDuration":0}],"test":{"fnDuration":2318,"afterFnDuration":0},"after each":[{"hookId":"h2","fnDuration":0,"afterFnDuration":0}]},"failedFromHookId":null,"wallClockStartedAt":"2022-12-06T05:32:55.865Z","wallClockDuration":2331,"videoTimestamp":1564}]},{"testId":"r4","title":["Test","generate score"],"state":"passed","body":"() => {\n      //////////////\n      console.log(acc_score);\n      let result = {\n        id,\n        marks: Math.floor(acc_score)\n      };\n      result = JSON.stringify(result);\n      cy.writeFile(\"results.json\", `\\n${result},`, {\n        flag: \"a+\"\n      }, err => {\n        if (err) {\n          console.error(err);\n        }\n      }); //////////////////\n    }","displayError":null,"attempts":[{"state":"passed","error":null,"timings":{"lifecycle":4,"before each":[{"hookId":"h1","fnDuration":0,"afterFnDuration":0},{"hookId":"h3","fnDuration":0,"afterFnDuration":0}],"test":{"fnDuration":4,"afterFnDuration":0},"after each":[{"hookId":"h2","fnDuration":0,"afterFnDuration":0}]},"failedFromHookId":null,"wallClockStartedAt":"2022-12-06T05:32:58.202Z","wallClockDuration":10,"videoTimestamp":3901}]}]