{
  "users": [
    {
      "username": "dmehra2102",
      "password": "$2b$10$YdB3prT7EjOiPpSo8Qox.OhBYi0F6ocEw3lET77VZeN97FYeZ6KVq",
      "email": "deepanshumehra2102@gmail.com",
      "firstname": "Deepanshu",
      "lastname": "Mehra",
      "avatar": "https://i.imgur.com/9xEcfJj.png",
      "createdAt": 1670638319356,
      "id": 1
    }
  ],
  "todos": [
    {
      "id": 6,
      "userId": 12,
      "title": "Learn NODE.js",
      "completed": true,
      "createdAt": 1670165983412
    },
    {
      "id": 13,
      "userId": 35,
      "title": "liquid Himalayan",
      "completed": false,
      "createdAt": 1670165983412
    },
    {
      "id": 17,
      "userId": 16,
      "title": "naive Chartreux",
      "completed": true,
      "createdAt": 1670165983412
    },
    {
      "id": 1,
      "userId": 12,
      "title": "Learn",
      "completed": true,
      "createdAt": 1670165983412
    },
    {
      "id": 2,
      "userId": 35,
      "title": "liquid Himalayan",
      "completed": false,
      "createdAt": 1670165983412
    },
    {
      "id": 4,
      "userId": 16,
      "title": "naive Chartreux",
      "completed": true,
      "createdAt": 1670165983412
    },
    {
      "title": "Learn javascript",
      "completed": false,
      "createdAt": 1670646382342,
      "id": "e8FmaT40XP",
      "userId": 52
    },
    {
      "title": "Learn React",
      "completed": true,
      "createdAt": 1670685786378,
      "id": "pAsyVmHSqc",
      "userId": 1
    },
    {
      "title": "Learn HTML",
      "completed": true,
      "createdAt": 1670685810248,
      "id": "KbPpxLO014",
      "userId": 1
    }
  ]
}